weights,carbon_kg,avg_jct_h,tail_jct_h
"{'carbon': 0.7, 'jct': 0.2, 'preempt': 0.1}",69.38119047837162,0.9928370638163057,5.18333333333333
"{'carbon': 0.5, 'jct': 0.4, 'preempt': 0.1}",69.76567379493036,0.9770009671875588,4.589583333333322
"{'carbon': 0.6, 'jct': 0.3, 'preempt': 0.1}",70.17719321083648,1.0327863569496065,5.083333333333328
