dataset_track,comparison,mean_diff,ci95_low,ci95_high,p_boot_two_sided,significant_95
v1_clean,q_double_v2 - srtf,0.1142035997429973,0.06644727810708685,0.16331012469443584,0.0,True
v1_clean,q_v1 - srtf,0.12447346299229593,0.08460472976880026,0.1665207519934782,0.0,True
v1_clean,q_v2 - srtf,0.18317472349896674,0.0966517643340213,0.27533356436964485,0.0,True
v2_realworld,q_double_v2 - srtf,0.12707819672869064,0.08221361653705327,0.17795300885764023,0.0,True
v2_realworld,q_v1 - srtf,0.15401415301187876,0.11817566831491884,0.19564510190275977,0.0,True
v2_realworld,q_v2 - srtf,0.1485640175964149,0.08801285417856551,0.21023594318365757,0.0,True
