policy,noise_pct,congestion,capacity,n,overall_score_mean,overall_score_std,carbon_per_completed_job_mean,avg_jct_mean,tail_jct_mean,jobs_completed_mean,overall_score_ci95
srtf,20.0,high,6,30,0.11641663462761383,0.010261811363183958,0.28021926475723824,1.05779446507486,4.885416666666662,212.96666666666667,0.003672142035459412
q_domain,20.0,high,6,30,0.31849792854974407,0.055736702807259154,0.2893043535531464,2.5922679602967644,8.298888888888888,198.03333333333333,0.019945122946884938
q_hard,20.0,high,6,30,0.43319928817227255,0.08878530080549014,0.36580062220184184,2.0866792719166543,8.47347222222222,161.93333333333334,0.03177141185701838
q_double,20.0,high,6,30,0.5393263920397274,0.0876731285275371,0.3879905114827603,2.6733890481787776,8.539999999999996,151.26666666666668,0.03137342611863342
fcfs,20.0,high,6,30,0.7669305409341037,0.045671759154750115,0.4904390711212337,4.322600836318937,10.662222222222221,119.5,0.016343429116933147
carbon,20.0,high,6,30,0.798569996489051,0.05737873760047509,0.43834856162292035,3.8724960676440143,11.455972222222218,127.23333333333333,0.020532717551234037
